Time (%),Total Time (ns),Instances,Avg (ns),Med (ns),Min (ns),Max (ns),StdDev (ns),GridXYZ,BlockXYZ,Name
52.6,2304030344,630,3657191.0,3655111.5,3644024,3831315,17627.5,   1   20    2,  32    4    1,"void flash_attn_ext_vec<(int)256, (int)1, (int)8, (ggml_type)2, (ggml_type)2, (bool)0>(const char *, const char *, const char *, const char *, const char *, const int *, float *, float2 *, float, float, float, float, unsigned int, float, int, uint3, int, int, int, int, int, int, int, int, int, int, int, long, int, int, long, int, int, int, int, int, long)"
14.2,623230883,20,31161544.2,29279580.5,8407760,62581573,23687459.9,  20    1    1,  32    4    1,"void flash_attn_ext_f16<(int)256, (int)256, (int)4, (int)8, (bool)0, (bool)0, (bool)0>(const char *, const char *, const char *, const char *, const char *, const int *, float *, float2 *, float, float, float, float, unsigned int, float, int, uint3, int, int, int, int, int, int, int, int, int, int, int, long, int, int, long, int, int, int, int, int, long)"
4.1,180796427,2520,71744.6,71902.0,57054,89501,7228.9, 128    8    1,  32    4    1,"void mul_mat_vec_q<(ggml_type)22, (int)1, (bool)1, (bool)1, (bool)0>(const void *, const void *, const int *, ggml_cuda_mm_fusion_args_device, float *, unsigned int, uint3, unsigned int, unsigned int, unsigned int, uint3, unsigned int, unsigned int, unsigned int, uint3, unsigned int, unsigned int, unsigned int, unsigned int)"
3.1,135704919,2331,58217.5,58111.0,53662,62430,2124.3, 512    8    1,  32    4    1,"void mul_mat_vec_q<(ggml_type)22, (int)1, (bool)0, (bool)1, (bool)0>(const void *, const void *, const int *, ggml_cuda_mm_fusion_args_device, float *, unsigned int, uint3, unsigned int, unsigned int, unsigned int, uint3, unsigned int, unsigned int, unsigned int, uint3, unsigned int, unsigned int, unsigned int, unsigned int)"
3.0,130212656,66,1972919.0,1972775.0,1972040,1977608,891.0,248320    1    1,  32    2    1,"void mul_mat_vec_q<(ggml_type)13, (int)1, (bool)0, (bool)0, (bool)0>(const void *, const void *, const int *, ggml_cuda_mm_fusion_args_device, float *, unsigned int, uint3, unsigned int, unsigned int, unsigned int, uint3, unsigned int, unsigned int, unsigned int, uint3, unsigned int, unsigned int, unsigned int, unsigned int)"
2.5,108679963,1890,57502.6,57023.0,56542,66846,1816.4,8192    1    1,  32    2    1,"void mul_mat_vec_q<(ggml_type)12, (int)1, (bool)0, (bool)0, (bool)0>(const void *, const void *, const int *, ggml_cuda_mm_fusion_args_device, float *, unsigned int, uint3, unsigned int, unsigned int, unsigned int, uint3, unsigned int, unsigned int, unsigned int, uint3, unsigned int, unsigned int, unsigned int, unsigned int)"
2.1,91745864,1890,48542.8,48415.0,47934,52126,490.5,2048    1    1,  32    4    1,"void mul_mat_vec_q<(ggml_type)22, (int)1, (bool)0, (bool)0, (bool)0>(const void *, const void *, const int *, ggml_cuda_mm_fusion_args_device, float *, unsigned int, uint3, unsigned int, unsigned int, unsigned int, uint3, unsigned int, unsigned int, unsigned int, uint3, unsigned int, unsigned int, unsigned int, unsigned int)"
1.8,78585243,1890,41579.5,41471.0,40894,45598,512.6,1024    1    1,  32    4    1,"void mul_mat_vec_q<(ggml_type)22, (int)1, (bool)0, (bool)1, (bool)0>(const void *, const void *, const int *, ggml_cuda_mm_fusion_args_device, float *, unsigned int, uint3, unsigned int, unsigned int, unsigned int, uint3, unsigned int, unsigned int, unsigned int, uint3, unsigned int, unsigned int, unsigned int, unsigned int)"
1.3,56966751,2010,28341.7,26303.0,24672,168028,14475.5,  32    1   32,  32    4    1,"void gated_delta_net_cuda<(int)128, (bool)0, (bool)0>(const float *, const float *, const float *, const float *, const float *, const float *, float *, float *, long, long, long, long, long, long, long, long, long, long, long, long, uint3, uint3, float, long, int)"
1.2,51269910,2010,25507.4,25279.0,24767,30847,773.0,   1  512    1, 256    1    1,"void k_get_rows_float_vec<float>(const T1 *, const int *, T1 *, long, long, uint3, unsigned long, unsigned long, unsigned long, unsigned long, unsigned long, unsigned long, unsigned long, unsigned long, unsigned long)"
1.1,48615615,630,77167.6,77134.0,76510,80798,330.6,2048    1    1,  32    4    1,"void mul_mat_vec_q<(ggml_type)22, (int)1, (bool)0, (bool)1, (bool)0>(const void *, const void *, const int *, ggml_cuda_mm_fusion_args_device, float *, unsigned int, uint3, unsigned int, unsigned int, unsigned int, uint3, unsigned int, unsigned int, unsigned int, uint3, unsigned int, unsigned int, unsigned int, unsigned int)"
1.1,48170463,40,1204261.6,1282827.0,1048994,1292348,110938.6,239616    1    1,  32    1    1,"void dequantize_block_q4_0<__half>(const void *, T1 *, int)"
0.9,40673415,2520,16140.2,16095.0,15135,20384,529.2, 128    1    1,  32    4    1,"void mul_mat_vec_q<(ggml_type)22, (int)1, (bool)1, (bool)1, (bool)0>(const void *, const void *, const int *, ggml_cuda_mm_fusion_args_device, float *, unsigned int, uint3, unsigned int, unsigned int, unsigned int, uint3, unsigned int, unsigned int, unsigned int, uint3, unsigned int, unsigned int, unsigned int, unsigned int)"
0.8,36420253,2520,14452.5,14368.0,14143,18911,437.0, 256    1    1, 256    1    1,"void mul_mat_vec_f<float, float, (int)1, (int)256, (bool)0, (bool)0>(const T1 *, const float *, const int *, ggml_cuda_mm_fusion_args_device, float *, int, uint3, int, int, int, uint3, int, int, int, uint3, int, int, int, int)"
0.7,32427648,630,51472.5,51454.0,50878,54782,268.8,2048    1    1,  32    4    1,"void mul_mat_vec_q<(ggml_type)21, (int)1, (bool)1, (bool)0, (bool)0>(const void *, const void *, const int *, ggml_cuda_mm_fusion_args_device, float *, unsigned int, uint3, unsigned int, unsigned int, unsigned int, uint3, unsigned int, unsigned int, unsigned int, uint3, unsigned int, unsigned int, unsigned int, unsigned int)"
0.6,28405364,14556,1951.5,1888.0,1600,5664,362.3,   8    1    1, 256    1    1,"quantize_q8_1(const float *, void *, long, long, long, long, long, unsigned int, uint3)"
0.6,27635273,198,139572.1,52894.5,42335,617518,139183.2,  20    1    1,  32    8    1,"void mul_mat_q<(ggml_type)22, (int)24, (bool)0>(const char *, const int *, const int *, const int *, float *, float *, const float *, uint3, int, int, int, int, int, uint3, uint3, int, int, int, uint3, uint3, int, int, int, uint3)"
0.6,26044343,2394,10879.0,10879.0,10591,12479,115.0, 512    1    1,  32    4    1,"void mul_mat_vec_q<(ggml_type)22, (int)1, (bool)0, (bool)1, (bool)0>(const void *, const void *, const int *, ggml_cuda_mm_fusion_args_device, float *, unsigned int, uint3, unsigned int, unsigned int, unsigned int, uint3, unsigned int, unsigned int, unsigned int, uint3, unsigned int, unsigned int, unsigned int, unsigned int)"
0.4,19085793,189,100983.0,100093.0,93277,118493,5972.5,2048    8    1,  32    4    1,"void mul_mat_vec_q<(ggml_type)21, (int)1, (bool)0, (bool)0, (bool)0>(const void *, const void *, const int *, ggml_cuda_mm_fusion_args_device, float *, unsigned int, uint3, unsigned int, unsigned int, unsigned int, uint3, unsigned int, unsigned int, unsigned int, uint3, unsigned int, unsigned int, unsigned int, unsigned int)"
0.4,18731272,5103,3670.6,3520.0,3264,8640,471.0,   1    1    1,1024    1    1,"void rms_norm_f32<(int)1024, (bool)1, (bool)0>(const float *, float *, int, long, long, long, float, const float *, long, long, long, uint3, uint3, uint3, uint3, const float *, long, long, long, uint3, uint3, uint3, uint3)"
0.4,15551651,40,388791.3,466755.0,40702,581104,206980.0,  20    1    1,  32    8    1,"void mul_mat_q<(ggml_type)12, (int)24, (bool)0>(const char *, const int *, const int *, const int *, float *, float *, const float *, uint3, int, int, int, int, int, uint3, uint3, int, int, int, uint3, uint3, int, int, int, uint3)"
0.3,12116515,2640,4589.6,4480.0,4320,6655,369.8,   1    1    1,  32    8    1,"void topk_moe_cuda<(int)256, (bool)0>(const float *, float *, int *, float *, int, int, float, float, topk_moe_config)"
0.3,11015221,3780,2914.1,2848.0,2591,7872,434.1,   8    1    1,  32    4    1,"void mul_mat_vec_q<(ggml_type)22, (int)1, (bool)0, (bool)1, (bool)0>(const void *, const void *, const int *, ggml_cuda_mm_fusion_args_device, float *, unsigned int, uint3, unsigned int, unsigned int, unsigned int, uint3, unsigned int, unsigned int, unsigned int, uint3, unsigned int, unsigned int, unsigned int, unsigned int)"
0.2,9305583,2010,4629.6,4320.0,3967,18815,1695.9,   1   64    1, 128    1    1,"void ssm_conv_f32<(bool)1, (unsigned long)128, (unsigned long)4>(const float *, const float *, const float *, int, int, int, int, float *, int, int, int, long)"
0.2,8487946,2010,4222.9,4064.0,3967,7488,464.2, 384    1    1,  64    1    1,"void cpy_scalar<&cpy_1_scalar<float, float>>(const char *, char *, long, long, long, long, long, long, long, long, long, long, long, long, long, long, long)"
0.2,7965757,1890,4214.7,4096.0,3871,7552,410.2, 128    1    1, 256    1    1,"void concat_cont<unsigned int, (int)0>(const T1 *, const T1 *, T1 *, long, long, long, long, long, long)"
0.2,7941948,4660,1704.3,1664.0,1247,5504,375.5,   1    1    1, 256    1    1,"void unary_op_kernel<&op_sigmoid, float>(const T2 *, T2 *, int)"
0.2,7685779,3780,2033.3,2015.0,1568,5504,409.5,  16    1    1, 256    1    1,"void rms_norm_f32<(int)256, (bool)0, (bool)0>(const float *, float *, int, long, long, long, float, const float *, long, long, long, uint3, uint3, uint3, uint3, const float *, long, long, long, uint3, uint3, uint3, uint3)"
0.2,7585061,120,63208.8,64862.0,49279,78942,7816.0,8192    1    1, 256    1    1,"void concat_non_cont<unsigned int, (int)0>(const char *, const char *, char *, long, long, long, long, unsigned long, unsigned long, unsigned long, unsigned long, long, long, long, long, unsigned long, unsigned long, unsigned long, unsigned long, long, long, long, long, unsigned long, unsigned long, unsigned long, unsigned long)"
0.2,7005084,2520,2779.8,2752.0,2496,4928,307.8,   1    8    1, 256    1    1,"moe_weighted_reduction_f32(const float *, const float *, const float *, float *, long, int)"
0.2,6640297,2010,3303.6,3232.0,2816,6367,345.8,   1   96    1, 256    1    1,"void k_get_rows_float<float, float>(const T1 *, const int *, T2 *, long, long, uint3, unsigned long, unsigned long, unsigned long, unsigned long, unsigned long, unsigned long, unsigned long, unsigned long, unsigned long)"
0.2,6592106,3780,1743.9,1664.0,1599,4992,361.7,   8    1    1, 256    1    1,"scale_f32(const float *, float *, float, float, long)"
0.1,6471086,2520,2567.9,2496.0,2431,5056,344.8,   8    1    1, 256    1    1,"void k_get_rows_float<int, int>(const T1 *, const int *, T2 *, long, long, uint3, unsigned long, unsigned long, unsigned long, unsigned long, unsigned long, unsigned long, unsigned long, unsigned long, unsigned long)"
0.1,6439186,2520,2555.2,2528.0,2048,5152,413.1,  64    1    1, 128    1    1,"void k_bin_bcast<&op_add, float, float, float, const float *>(const T2 *, const T3 *, T4 *, unsigned int, unsigned int, unsigned int, uint3, uint3, uint3, uint3, uint3, unsigned int, unsigned int, unsigned int, unsigned int, unsigned int, unsigned int, unsigned int, unsigned int, unsigned int, unsigned int, unsigned int, T5...)"
0.1,6430901,2520,2551.9,2496.0,2399,5888,366.7,   1    1    1, 256    1    1,"void mul_mat_vec_f<float, float, (int)1, (int)256, (bool)0, (bool)0>(const T1 *, const float *, const int *, ggml_cuda_mm_fusion_args_device, float *, int, uint3, int, int, int, uint3, int, int, int, uint3, int, int, int, int)"
0.1,6067696,80,75846.2,75806.0,75390,76637,222.8, 256    8    1,  32    2    1,"void mul_mat_vec_q_moe<(ggml_type)22, (int)2, (bool)1>(const void *, const void *, const int *, ggml_cuda_mm_fusion_args_device, float *, unsigned int, uint3, unsigned int, unsigned int, unsigned int, unsigned int, unsigned int, unsigned int, unsigned int, unsigned int, unsigned int)"
0.1,6027128,630,9566.9,9567.0,8928,13792,370.3, 128    1    1,  32    4    1,"void mul_mat_vec_q<(ggml_type)22, (int)1, (bool)0, (bool)1, (bool)0>(const void *, const void *, const int *, ggml_cuda_mm_fusion_args_device, float *, unsigned int, uint3, unsigned int, unsigned int, unsigned int, uint3, unsigned int, unsigned int, unsigned int, uint3, unsigned int, unsigned int, unsigned int, unsigned int)"
0.1,5826335,1890,3082.7,2976.0,2560,7744,509.6,  32    1    1, 256    1    1,"void rms_norm_f32<(int)256, (bool)1, (bool)0>(const float *, float *, int, long, long, long, float, const float *, long, long, long, uint3, uint3, uint3, uint3, const float *, long, long, long, uint3, uint3, uint3, uint3)"
0.1,5654173,74,76407.7,76381.5,76094,77438,199.6,1024    8    1,  32    2    1,"void mul_mat_vec_q_moe<(ggml_type)22, (int)2, (bool)0>(const void *, const void *, const int *, ggml_cuda_mm_fusion_args_device, float *, unsigned int, uint3, unsigned int, unsigned int, unsigned int, unsigned int, unsigned int, unsigned int, unsigned int, unsigned int, unsigned int)"
0.1,5646838,2520,2240.8,2144.0,1759,5536,378.1,   2    8    1, 256    1    1,"quantize_q8_1(const float *, void *, long, long, long, long, long, unsigned int, uint3)"
0.1,5577505,2520,2213.3,2144.0,1920,5792,363.9,   8    1    1, 128    1    1,"void k_bin_bcast<&op_add, float, float, float, const float *, const float *>(const T2 *, const T3 *, T4 *, unsigned int, unsigned int, unsigned int, uint3, uint3, uint3, uint3, uint3, unsigned int, unsigned int, unsigned int, unsigned int, unsigned int, unsigned int, unsigned int, unsigned int, unsigned int, unsigned int, unsigned int, T5...)"
0.1,5252012,136,38617.7,21023.0,20192,62207,20204.1,1024    1    1,  32    4    1,"void mul_mat_vec_q<(ggml_type)22, (int)2, (bool)0, (bool)0, (bool)0>(const void *, const void *, const int *, ggml_cuda_mm_fusion_args_device, float *, unsigned int, uint3, unsigned int, unsigned int, unsigned int, uint3, unsigned int, unsigned int, unsigned int, uint3, unsigned int, unsigned int, unsigned int, unsigned int)"
0.1,5176594,2520,2054.2,2047.0,1759,5599,382.3,  16    1    1, 256    1    1,"quantize_q8_1(const float *, void *, long, long, long, long, long, unsigned int, uint3)"
0.1,5081897,40,127047.4,124364.0,113469,160955,13670.5, 256    8    1,  32    4    1,"void mul_mat_vec_q_moe<(ggml_type)22, (int)2, (bool)1>(const void *, const void *, const int *, ggml_cuda_mm_fusion_args_device, float *, unsigned int, uint3, unsigned int, unsigned int, unsigned int, unsigned int, unsigned int, unsigned int, unsigned int, unsigned int, unsigned int)"
0.1,4967081,1890,2628.1,2528.0,2431,7648,443.9,   8    1    1, 128    1    1,"void k_bin_bcast<&op_add, float, float, float, const float *>(const T2 *, const T3 *, T4 *, unsigned int, unsigned int, unsigned int, uint3, uint3, uint3, uint3, uint3, unsigned int, unsigned int, unsigned int, unsigned int, unsigned int, unsigned int, unsigned int, unsigned int, unsigned int, unsigned int, unsigned int, T5...)"
0.1,4734352,2520,1878.7,1824.0,1759,5120,354.0,   8    1    1, 128    1    1,"void k_bin_bcast<&op_mul, float, float, float, const float *>(const T2 *, const T3 *, T4 *, unsigned int, unsigned int, unsigned int, uint3, uint3, uint3, uint3, uint3, unsigned int, unsigned int, unsigned int, unsigned int, unsigned int, unsigned int, unsigned int, unsigned int, unsigned int, unsigned int, unsigned int, T5...)"
0.1,4684067,2520,1858.8,1792.0,1728,5151,361.3,   2    1    1, 256    1    1,"quantize_q8_1(const float *, void *, long, long, long, long, long, unsigned int, uint3)"
0.1,4587752,1890,2427.4,2336.0,2144,5792,463.1,  16    1    1, 256    1    1,"void unary_gated_op_kernel<&op_silu, float>(const T2 *, const T2 *, T2 *, long, long, long, long)"
0.1,4496383,37,121523.9,120412.0,118301,129948,3248.9,1024    8    1,  32    4    1,"void mul_mat_vec_q_moe<(ggml_type)22, (int)2, (bool)0>(const void *, const void *, const int *, ggml_cuda_mm_fusion_args_device, float *, unsigned int, uint3, unsigned int, unsigned int, unsigned int, unsigned int, unsigned int, unsigned int, unsigned int, unsigned int, unsigned int)"
0.1,4184096,1890,2213.8,2144.0,2079,5471,379.4,   1    1    1,  16    1    1,"void k_bin_bcast<&op_add, float, float, float, const float *>(const T2 *, const T3 *, T4 *, unsigned int, unsigned int, unsigned int, uint3, uint3, uint3, uint3, uint3, unsigned int, unsigned int, unsigned int, unsigned int, unsigned int, unsigned int, unsigned int, unsigned int, unsigned int, unsigned int, unsigned int, T5...)"
0.1,4061390,60,67689.8,67694.0,67039,68414,250.3,2048    1    1,  32    4    1,"void mul_mat_vec_q<(ggml_type)22, (int)2, (bool)0, (bool)0, (bool)0>(const void *, const void *, const int *, ggml_cuda_mm_fusion_args_device, float *, unsigned int, uint3, unsigned int, unsigned int, unsigned int, uint3, unsigned int, unsigned int, unsigned int, uint3, unsigned int, unsigned int, unsigned int, unsigned int)"
0.1,4057386,60,67623.1,67582.0,67166,68605,263.7,4096    1    1,  32    4    1,"void mul_mat_vec_q<(ggml_type)12, (int)2, (bool)0, (bool)0, (bool)0>(const void *, const void *, const int *, ggml_cuda_mm_fusion_args_device, float *, unsigned int, uint3, unsigned int, unsigned int, unsigned int, uint3, unsigned int, unsigned int, unsigned int, uint3, unsigned int, unsigned int, unsigned int, unsigned int)"
0.1,3934123,630,6244.6,6208.0,5920,10303,313.8, 512    1    1,  32    2    1,"void mul_mat_vec_q<(ggml_type)12, (int)1, (bool)0, (bool)0, (bool)0>(const void *, const void *, const int *, ggml_cuda_mm_fusion_args_device, float *, unsigned int, uint3, unsigned int, unsigned int, unsigned int, uint3, unsigned int, unsigned int, unsigned int, uint3, unsigned int, unsigned int, unsigned int, unsigned int)"
0.1,3598484,1320,2726.1,2656.0,2432,5759,283.6,   1    1    1, 256    1    1,"void k_set_rows_quant<long, block_q4_0, (int)32, &quantize_f32_q4_0_block>(const float *, const T1 *, T2 *, long, long, long, long, long, long, long, long, long, long, long, long, long, long, uint3, uint3, uint3, uint3, uint3)"
0.1,3580792,1890,1894.6,1823.0,1759,5280,397.7,   1    1    1, 256    1    1,"void unary_gated_op_kernel<&op_softplus, float>(const T2 *, const T2 *, T2 *, long, long, long, long)"
0.1,2928909,12,244075.8,263896.0,53919,326710,92875.5,  20    1    1,  32    8    1,"void mul_mat_q<(ggml_type)21, (int)24, (bool)0>(const char *, const int *, const int *, const int *, float *, float *, const float *, uint3, int, int, int, int, int, uint3, uint3, int, int, int, uint3, uint3, int, int, int, uint3)"
0.1,2841360,68,41784.7,25071.5,24064,64126,19393.2,1024    1    1,  32    4    1,"void mul_mat_vec_q<(ggml_type)22, (int)4, (bool)0, (bool)0, (bool)0>(const void *, const void *, const int *, ggml_cuda_mm_fusion_args_device, float *, unsigned int, uint3, unsigned int, unsigned int, unsigned int, uint3, unsigned int, unsigned int, unsigned int, uint3, unsigned int, unsigned int, unsigned int, unsigned int)"
0.1,2620851,30,87361.7,87405.0,86909,87645,176.5,4096    1    1,  32    4    1,"void mul_mat_vec_q<(ggml_type)12, (int)4, (bool)0, (bool)0, (bool)0>(const void *, const void *, const int *, ggml_cuda_mm_fusion_args_device, float *, unsigned int, uint3, unsigned int, unsigned int, unsigned int, uint3, unsigned int, unsigned int, unsigned int, uint3, unsigned int, unsigned int, unsigned int, unsigned int)"
0.1,2594169,20,129708.5,129708.5,129180,130429,345.2,4096    1    1,  32    4    1,"void mul_mat_vec_q<(ggml_type)22, (int)2, (bool)0, (bool)0, (bool)0>(const void *, const void *, const int *, ggml_cuda_mm_fusion_args_device, float *, unsigned int, uint3, unsigned int, unsigned int, unsigned int, uint3, unsigned int, unsigned int, unsigned int, uint3, unsigned int, unsigned int, unsigned int, unsigned int)"
0.1,2579199,630,4094.0,4095.0,3840,6080,150.8,   1   16    1, 256    1    1,"void flash_attn_combine_results<(int)256>(const float *, const float2 *, float *, int)"
0.1,2318825,126,18403.4,17776.0,17343,21088,936.0,2048    1    1,  32    4    1,"void mul_mat_vec_q<(ggml_type)21, (int)1, (bool)0, (bool)0, (bool)0>(const void *, const void *, const int *, ggml_cuda_mm_fusion_args_device, float *, unsigned int, uint3, unsigned int, unsigned int, unsigned int, uint3, unsigned int, unsigned int, unsigned int, uint3, unsigned int, unsigned int, unsigned int, unsigned int)"
0.1,2263520,30,75450.7,75534.0,74558,75997,338.7,2048    1    1,  32    4    1,"void mul_mat_vec_q<(ggml_type)22, (int)4, (bool)0, (bool)0, (bool)0>(const void *, const void *, const int *, ggml_cuda_mm_fusion_args_device, float *, unsigned int, uint3, unsigned int, unsigned int, unsigned int, uint3, unsigned int, unsigned int, unsigned int, uint3, unsigned int, unsigned int, unsigned int, unsigned int)"
0.0,2176675,180,12092.6,12096.0,11551,12736,212.1, 256    1    1,  32    4    1,"void mul_mat_vec_q<(ggml_type)22, (int)2, (bool)0, (bool)0, (bool)0>(const void *, const void *, const int *, ggml_cuda_mm_fusion_args_device, float *, unsigned int, uint3, unsigned int, unsigned int, unsigned int, uint3, unsigned int, unsigned int, unsigned int, uint3, unsigned int, unsigned int, unsigned int, unsigned int)"
0.0,1733714,60,28895.2,27679.5,26143,34271,3029.2,  20    1    1,  32    8    1,"void mul_mat_q<(ggml_type)22, (int)32, (bool)1>(const char *, const int *, const int *, const int *, float *, float *, const float *, uint3, int, int, int, int, int, uint3, uint3, int, int, int, uint3, uint3, int, int, int, uint3)"
0.0,1723597,630,2735.9,2720.0,2400,4672,156.1,  16    1    1, 256    1    1,"void rms_norm_f32<(int)256, (bool)1, (bool)0>(const float *, float *, int, long, long, long, float, const float *, long, long, long, uint3, uint3, uint3, uint3, const float *, long, long, long, uint3, uint3, uint3, uint3)"
0.0,1665003,60,27750.1,27743.0,27455,28159,114.9,2048    1    1, 256    1    1,"scale_f32(const float *, float *, float, float, long)"
0.0,1638041,630,2600.1,2592.0,2463,4160,93.8,  64    1    1,  64    1    1,"void cpy_scalar<&cpy_1_scalar<float, float>>(const char *, char *, long, long, long, long, long, long, long, long, long, long, long, long, long, long, long)"
0.0,1463766,10,146376.6,146268.0,145660,147835,623.6,4096    1    1,  32    4    1,"void mul_mat_vec_q<(ggml_type)22, (int)4, (bool)0, (bool)0, (bool)0>(const void *, const void *, const int *, ggml_cuda_mm_fusion_args_device, float *, unsigned int, uint3, unsigned int, unsigned int, unsigned int, uint3, unsigned int, unsigned int, unsigned int, uint3, unsigned int, unsigned int, unsigned int, unsigned int)"
0.0,1444668,630,2293.1,2272.0,2080,5824,193.9,  16    1    1,   1  256    1,"void rope_multi<(bool)1, (bool)0, float>(const T3 *, T3 *, int, int, int, int, int, int, int, int, int, int, int, const int *, float, float, float, rope_corr_dims, float, const float *, mrope_sections, bool, bool)"
0.0,1410800,630,2239.4,2208.0,2112,4288,163.0,   2    1    1, 256    1    1,"void rms_norm_f32<(int)256, (bool)1, (bool)0>(const float *, float *, int, long, long, long, float, const float *, long, long, long, uint3, uint3, uint3, uint3, const float *, long, long, long, uint3, uint3, uint3, uint3)"
0.0,1390438,630,2207.0,2208.0,1887,3744,153.0,  16    1    1,  32    4    1,"void fwht_cuda<(int)64>(const float *, float *, long, float)"
0.0,1367641,24,56985.0,63742.0,23007,64062,15454.1,1024    1    1,  32    4    1,"void mul_mat_vec_q<(ggml_type)21, (int)2, (bool)0, (bool)0, (bool)0>(const void *, const void *, const int *, ggml_cuda_mm_fusion_args_device, float *, unsigned int, uint3, unsigned int, unsigned int, unsigned int, uint3, unsigned int, unsigned int, unsigned int, uint3, unsigned int, unsigned int, unsigned int, unsigned int)"
0.0,1235092,630,1960.5,1920.0,1887,5440,294.4,   2    1    1,   1  256    1,"void rope_multi<(bool)1, (bool)0, float>(const T3 *, T3 *, int, int, int, int, int, int, int, int, int, int, int, const int *, float, float, float, rope_corr_dims, float, const float *, mrope_sections, bool, bool)"
0.0,1226776,630,1947.3,1856.0,1791,5024,230.3,   4    1    1,  32    4    1,"void fwht_cuda<(int)256>(const float *, float *, long, float)"
0.0,1224889,80,15311.1,15264.0,15136,15872,138.3, 256    1    1, 256    1    1,"void mul_mat_vec_f<float, float, (int)2, (int)256, (bool)0, (bool)0>(const T1 *, const float *, const int *, ggml_cuda_mm_fusion_args_device, float *, int, uint3, int, int, int, uint3, int, int, int, uint3, int, int, int, int)"
0.0,1220219,40,30505.5,31183.0,27615,32319,1635.9,   4    1   14, 256    1    1,volta_sgemm_64x32_sliced1x4_tn
0.0,1159521,650,1783.9,1759.0,1695,4192,215.6,   1    1    1,  32    4    1,"void fwht_cuda<(int)256>(const float *, float *, long, float)"
0.0,1129534,90,12550.4,12512.0,12095,12992,193.7, 256    1    1,  32    4    1,"void mul_mat_vec_q<(ggml_type)22, (int)4, (bool)0, (bool)0, (bool)0>(const void *, const void *, const int *, ggml_cuda_mm_fusion_args_device, float *, unsigned int, uint3, unsigned int, unsigned int, unsigned int, uint3, unsigned int, unsigned int, unsigned int, uint3, unsigned int, unsigned int, unsigned int, unsigned int)"
0.0,1096161,630,1739.9,1728.0,1664,3744,91.3,  16    1    1, 256    1    1,"void unary_gated_op_kernel<&op_sigmoid, float>(const T2 *, const T2 *, T2 *, long, long, long, long)"
0.0,1070246,630,1698.8,1664.0,1631,5152,260.1,   2    1    1,  32    4    1,"void fwht_cuda<(int)64>(const float *, float *, long, float)"
0.0,1057149,460,2298.2,2240.0,2080,3360,187.9,   8    2    1, 256    1    1,"quantize_q8_1(const float *, void *, long, long, long, long, long, unsigned int, uint3)"
0.0,851309,198,4299.5,3872.0,3007,6175,806.0,  20    4    1,  32    4    1,"void mul_mat_q_stream_k_fixup<(ggml_type)22, (int)24, (bool)0>(const int *, const int *, float *, float *, uint3, int, int, int, uint3, int, uint3, int, uint3)"
0.0,789355,20,39467.8,39487.0,38623,39808,249.1,   8    1    1,  32    4    1,"void flash_attn_ext_f16<(int)256, (int)256, (int)2, (int)8, (bool)0, (bool)0, (bool)0>(const char *, const char *, const char *, const char *, const char *, const int *, float *, float2 *, float, float, float, float, unsigned int, float, int, uint3, int, int, int, int, int, int, int, int, int, int, int, long, int, int, long, int, int, int, int, int, long)"
0.0,705452,12,58787.7,65166.0,26592,65342,14942.7,1024    1    1,  32    4    1,"void mul_mat_vec_q<(ggml_type)21, (int)4, (bool)0, (bool)0, (bool)0>(const void *, const void *, const int *, ggml_cuda_mm_fusion_args_device, float *, unsigned int, uint3, unsigned int, unsigned int, unsigned int, uint3, unsigned int, unsigned int, unsigned int, uint3, unsigned int, unsigned int, unsigned int, unsigned int)"
0.0,677451,162,4181.8,4192.0,4032,4992,108.7,   2    1    1,1024    1    1,"void rms_norm_f32<(int)1024, (bool)1, (bool)0>(const float *, float *, int, long, long, long, float, const float *, long, long, long, uint3, uint3, uint3, uint3, const float *, long, long, long, uint3, uint3, uint3, uint3)"
0.0,647021,40,16175.5,16159.0,15999,16416,123.6, 256    1    1, 256    1    1,"void mul_mat_vec_f<float, float, (int)4, (int)256, (bool)0, (bool)0>(const T1 *, const float *, const int *, ggml_cuda_mm_fusion_args_device, float *, int, uint3, int, int, int, uint3, int, int, int, uint3, int, int, int, int)"
0.0,596732,190,3140.7,3232.0,2304,4224,583.0,  23    4    1, 128    1    1,"void quantize_mmq_q8_1<(mmq_q8_1_ds_layout)0, (bool)0>(const float *, const int *, void *, long, long, long, long, long, int, int, int)"
0.0,555215,6,92535.8,92461.0,92349,92862,204.1,1024    8    1,  32    2    1,"void mul_mat_vec_q_moe<(ggml_type)21, (int)2, (bool)0>(const void *, const void *, const int *, ggml_cuda_mm_fusion_args_device, float *, unsigned int, uint3, unsigned int, unsigned int, unsigned int, unsigned int, unsigned int, unsigned int, unsigned int, unsigned int, unsigned int)"
0.0,481882,230,2095.1,2000.5,1888,2592,201.8,   8    4    1, 256    1    1,"quantize_q8_1(const float *, void *, long, long, long, long, long, unsigned int, uint3)"
0.0,476306,81,5880.3,5536.0,5311,7104,600.6,  23    1    1,1024    1    1,"void rms_norm_f32<(int)1024, (bool)1, (bool)0>(const float *, float *, int, long, long, long, float, const float *, long, long, long, uint3, uint3, uint3, uint3, const float *, long, long, long, uint3, uint3, uint3, uint3)"
0.0,472749,39,12121.8,11040.0,10784,22335,2096.8,  23    1    1, 256    1    1,"void k_argsort_f32_i32<(ggml_sort_order)1>(const float *, int *, int, int)"
0.0,439666,3,146555.3,145307.0,143291,151068,4036.0,1024    8    1,  32    4    1,"void mul_mat_vec_q_moe<(ggml_type)21, (int)2, (bool)0>(const void *, const void *, const int *, ggml_cuda_mm_fusion_args_device, float *, unsigned int, uint3, unsigned int, unsigned int, unsigned int, unsigned int, unsigned int, unsigned int, unsigned int, unsigned int, unsigned int)"
0.0,417007,120,3475.1,3487.5,3168,3872,185.4,  16    1    1,  32    4    1,"void mul_mat_vec_q<(ggml_type)22, (int)2, (bool)0, (bool)0, (bool)0>(const void *, const void *, const int *, ggml_cuda_mm_fusion_args_device, float *, unsigned int, uint3, unsigned int, unsigned int, unsigned int, uint3, unsigned int, unsigned int, unsigned int, uint3, unsigned int, unsigned int, unsigned int, unsigned int)"
0.0,406774,40,10169.4,9856.0,9376,12544,674.4,  23    8    1, 256    1    1,"moe_weighted_reduction_f32(const float *, const float *, const float *, float *, long, int)"
0.0,402164,60,6702.7,6336.0,6112,7776,605.5,  16   23    1, 256    1    1,"void rms_norm_f32<(int)256, (bool)0, (bool)0>(const float *, float *, int, long, long, long, float, const float *, long, long, long, uint3, uint3, uint3, uint3, const float *, long, long, long, uint3, uint3, uint3, uint3)"
0.0,399120,30,13304.0,12560.0,12320,16671,1305.8,  32   23    1, 256    1    1,"void rms_norm_f32<(int)256, (bool)1, (bool)0>(const float *, float *, int, long, long, long, float, const float *, long, long, long, uint3, uint3, uint3, uint3, const float *, long, long, long, uint3, uint3, uint3, uint3)"
0.0,363193,60,6053.2,5695.5,5472,7328,623.4,  20    4    1,  32    4    1,"void mul_mat_q_stream_k_fixup<(ggml_type)22, (int)32, (bool)1>(const int *, const int *, float *, float *, uint3, int, int, int, uint3, int, uint3, int, uint3)"
0.0,298103,120,2484.2,2528.0,2304,2720,106.7,  16    2    1, 256    1    1,"void rms_norm_f32<(int)256, (bool)0, (bool)0>(const float *, float *, int, long, long, long, float, const float *, long, long, long, uint3, uint3, uint3, uint3, const float *, long, long, long, uint3, uint3, uint3, uint3)"
0.0,282144,81,3483.3,3488.0,3329,3743,95.0,   4    1    1,1024    1    1,"void rms_norm_f32<(int)1024, (bool)1, (bool)0>(const float *, float *, int, long, long, long, float, const float *, long, long, long, uint3, uint3, uint3, uint3, const float *, long, long, long, uint3, uint3, uint3, uint3)"
0.0,274772,80,3434.7,3424.0,3360,3744,70.3,   1    1    1, 256    1    1,"void mul_mat_vec_f<float, float, (int)2, (int)256, (bool)0, (bool)0>(const T1 *, const float *, const int *, ggml_cuda_mm_fusion_args_device, float *, int, uint3, int, int, int, uint3, int, int, int, uint3, int, int, int, int)"
0.0,253402,80,3167.5,3168.0,3072,3520,59.9,   2    8    1, 256    1    1,"moe_weighted_reduction_f32(const float *, const float *, const float *, float *, long, int)"
0.0,246586,40,6164.7,6176.0,5888,6560,133.9, 512    1    1,  32    1    1,"void dequantize_block_q4_0<__half>(const void *, T1 *, int)"
0.0,242971,120,2024.8,2016.0,1983,2304,47.0,  16    1    1, 256    1    1,"scale_f32(const float *, float *, float, float, long)"
0.0,235994,80,2949.9,2944.0,2879,3104,54.9,  16    1    1, 128    1    1,"void k_bin_bcast<&op_add, float, float, float, const float *>(const T2 *, const T3 *, T4 *, unsigned int, unsigned int, unsigned int, uint3, uint3, uint3, uint3, uint3, unsigned int, unsigned int, unsigned int, unsigned int, unsigned int, unsigned int, unsigned int, unsigned int, unsigned int, unsigned int, unsigned int, T5...)"
0.0,234881,80,2936.0,2912.0,2880,3168,53.3, 128    1    1, 128    1    1,"void k_bin_bcast<&op_add, float, float, float, const float *>(const T2 *, const T3 *, T4 *, unsigned int, unsigned int, unsigned int, uint3, uint3, uint3, uint3, uint3, unsigned int, unsigned int, unsigned int, unsigned int, unsigned int, unsigned int, unsigned int, unsigned int, unsigned int, unsigned int, unsigned int, T5...)"
0.0,229534,80,2869.2,2784.0,2687,3296,160.9,  16    1    1, 256    1    1,"void k_get_rows_float<int, int>(const T1 *, const int *, T2 *, long, long, uint3, unsigned long, unsigned long, unsigned long, unsigned long, unsigned long, unsigned long, unsigned long, unsigned long, unsigned long)"
0.0,216890,60,3614.8,3584.0,3328,3968,135.8,  32    2    1, 256    1    1,"void rms_norm_f32<(int)256, (bool)1, (bool)0>(const float *, float *, int, long, long, long, float, const float *, long, long, long, uint3, uint3, uint3, uint3, const float *, long, long, long, uint3, uint3, uint3, uint3)"
0.0,214298,30,7143.3,7039.5,6687,7776,326.0, 368    1    1, 256    1    1,"void unary_gated_op_kernel<&op_silu, float>(const T2 *, const T2 *, T2 *, long, long, long, long)"
0.0,207292,80,2591.2,2560.0,2464,2816,71.3,  16    1    1, 128    1    1,"void k_bin_bcast<&op_add, float, float, float, const float *, const float *>(const T2 *, const T3 *, T4 *, unsigned int, unsigned int, unsigned int, uint3, uint3, uint3, uint3, uint3, unsigned int, unsigned int, unsigned int, unsigned int, unsigned int, unsigned int, unsigned int, unsigned int, unsigned int, unsigned int, unsigned int, T5...)"
0.0,205056,39,5257.8,4896.0,4832,6176,542.5,   8    1   23, 256    1    1,"void k_get_rows_float<float, float>(const T1 *, const int *, T2 *, long, long, uint3, unsigned long, unsigned long, unsigned long, unsigned long, unsigned long, unsigned long, unsigned long, unsigned long, unsigned long)"
0.0,204186,80,2552.3,2592.0,2336,2817,109.7,  16    2    1, 256    1    1,"quantize_q8_1(const float *, void *, long, long, long, long, long, unsigned int, uint3)"
0.0,201403,60,3356.7,3232.0,2944,6400,518.9, 184    1    1, 256    1    1,"scale_f32(const float *, float *, float, float, long)"
0.0,199995,40,4999.9,4912.0,4736,5504,217.2, 184    1    1, 128    1    1,"void k_bin_bcast<&op_add, float, float, float, const float *, const float *>(const T2 *, const T3 *, T4 *, unsigned int, unsigned int, unsigned int, uint3, uint3, uint3, uint3, uint3, unsigned int, unsigned int, unsigned int, unsigned int, unsigned int, unsigned int, unsigned int, unsigned int, unsigned int, unsigned int, unsigned int, T5...)"
0.0,197528,40,4938.2,5023.5,3712,6048,658.8,  20    4    1,  32    4    1,"void mul_mat_q_stream_k_fixup<(ggml_type)12, (int)24, (bool)0>(const int *, const int *, float *, float *, uint3, int, int, int, uint3, int, uint3, int, uint3)"
0.0,194427,60,3240.5,3232.0,2975,3616,224.4,  16    1    1,  32    4    1,"void mul_mat_vec_q<(ggml_type)22, (int)4, (bool)0, (bool)0, (bool)0>(const void *, const void *, const int *, ggml_cuda_mm_fusion_args_device, float *, unsigned int, uint3, unsigned int, unsigned int, unsigned int, uint3, unsigned int, unsigned int, unsigned int, uint3, unsigned int, unsigned int, unsigned int, unsigned int)"
0.0,189718,80,2371.5,2368.0,2303,2752,71.6,   2    8    2, 256    1    1,"quantize_q8_1(const float *, void *, long, long, long, long, long, unsigned int, uint3)"
0.0,189688,60,3161.5,3136.0,3071,3999,143.5,  96    1    1, 256    1    1,"scale_f32(const float *, float *, float, float, long)"
0.0,177338,20,8866.9,8335.5,8127,10304,929.3,   2    1    1, 256    1    1,"void k_set_rows_quant<long, block_q4_0, (int)32, &quantize_f32_q4_0_block>(const float *, const T1 *, T2 *, long, long, long, long, long, long, long, long, long, long, long, long, long, long, uint3, uint3, uint3, uint3, uint3)"
0.0,176830,80,2210.4,2208.0,2175,2496,39.4,   8    2    1, 128    1    1,"void k_bin_bcast<&op_mul, float, float, float, const float *>(const T2 *, const T3 *, T4 *, unsigned int, unsigned int, unsigned int, uint3, uint3, uint3, uint3, uint3, unsigned int, unsigned int, unsigned int, unsigned int, unsigned int, unsigned int, unsigned int, unsigned int, unsigned int, unsigned int, unsigned int, T5...)"
0.0,175968,80,2199.6,2176.0,2144,2496,58.5,   8    1    2, 256    1    1,"quantize_q8_1(const float *, void *, long, long, long, long, long, unsigned int, uint3)"
0.0,172666,80,2158.3,2144.0,2080,2496,73.6,   2    2    1, 256    1    1,"quantize_q8_1(const float *, void *, long, long, long, long, long, unsigned int, uint3)"
0.0,171354,60,2855.9,2848.0,2752,2976,39.0,  32    1    1, 256    1    1,"void unary_gated_op_kernel<&op_silu, float>(const T2 *, const T2 *, T2 *, long, long, long, long)"
0.0,163555,80,2044.4,2048.0,1984,2368,58.9,   4    1    1, 256    1    1,"void unary_gated_op_kernel<&op_silu, float>(const T2 *, const T2 *, T2 *, long, long, long, long)"
0.0,162939,40,4073.5,3936.0,3647,4703,319.0, 184    1    1, 128    1    1,"void k_bin_bcast<&op_add, float, float, float, const float *>(const T2 *, const T3 *, T4 *, unsigned int, unsigned int, unsigned int, uint3, uint3, uint3, uint3, uint3, unsigned int, unsigned int, unsigned int, unsigned int, unsigned int, unsigned int, unsigned int, unsigned int, unsigned int, unsigned int, unsigned int, T5...)"
0.0,159908,90,1776.8,1856.0,1535,2176,157.4,   1    1    1, 256    1    1,"void unary_op_kernel<&op_softplus, float>(const T2 *, T2 *, int)"
0.0,152314,60,2538.6,2528.0,2495,2880,52.0,   1    1    1,  16    2    1,"void k_bin_bcast<&op_mul, float, float, float, const float *>(const T2 *, const T3 *, T4 *, unsigned int, unsigned int, unsigned int, uint3, uint3, uint3, uint3, uint3, unsigned int, unsigned int, unsigned int, unsigned int, unsigned int, unsigned int, unsigned int, unsigned int, unsigned int, unsigned int, unsigned int, T5...)"
0.0,152189,60,2536.5,2528.0,2463,2816,52.4,   1    1    1,  16    2    1,"void k_bin_bcast<&op_add, float, float, float, const float *>(const T2 *, const T3 *, T4 *, unsigned int, unsigned int, unsigned int, uint3, uint3, uint3, uint3, uint3, unsigned int, unsigned int, unsigned int, unsigned int, unsigned int, unsigned int, unsigned int, unsigned int, unsigned int, unsigned int, unsigned int, T5...)"
0.0,151611,40,3790.3,3871.0,3168,5152,459.9, 256    1    1, 128    1    1,"void k_bin_bcast<&op_add, float, float, float, const float *>(const T2 *, const T3 *, T4 *, unsigned int, unsigned int, unsigned int, uint3, uint3, uint3, uint3, uint3, unsigned int, unsigned int, unsigned int, unsigned int, unsigned int, unsigned int, unsigned int, unsigned int, unsigned int, unsigned int, unsigned int, T5...)"
0.0,151167,40,3779.2,3695.5,3519,4288,247.0,  23    1    1, 256    1    1,"void mul_mat_vec_f<float, float, (int)1, (int)256, (bool)0, (bool)0>(const T1 *, const float *, const int *, ggml_cuda_mm_fusion_args_device, float *, int, uint3, int, int, int, uint3, int, int, int, uint3, int, int, int, int)"
0.0,147160,20,7358.0,7359.0,7007,7712,177.8, 256    1    1,  32    4    1,"void mul_mat_vec_q<(ggml_type)12, (int)2, (bool)0, (bool)0, (bool)0>(const void *, const void *, const int *, ggml_cuda_mm_fusion_args_device, float *, unsigned int, uint3, unsigned int, unsigned int, unsigned int, uint3, unsigned int, unsigned int, unsigned int, uint3, unsigned int, unsigned int, unsigned int, unsigned int)"
0.0,143903,60,2398.4,2432.0,2112,2720,148.9,  16    4    1, 256    1    1,"void rms_norm_f32<(int)256, (bool)0, (bool)0>(const float *, float *, int, long, long, long, float, const float *, long, long, long, uint3, uint3, uint3, uint3, const float *, long, long, long, uint3, uint3, uint3, uint3)"
0.0,143036,40,3575.9,3552.0,3520,3936,66.7,   1    1    1, 256    1    1,"void mul_mat_vec_f<float, float, (int)4, (int)256, (bool)0, (bool)0>(const T1 *, const float *, const int *, ggml_cuda_mm_fusion_args_device, float *, int, uint3, int, int, int, uint3, int, int, int, uint3, int, int, int, int)"
0.0,138141,40,3453.5,3328.0,3200,3872,252.7,   8    2    1,  32   16    1,"void splitKreduce_kernel<(int)32, (int)16, int, float, float, float, float, (bool)1, (bool)0, (bool)0>(cublasSplitKParams<T6>, const T4 *, const T5 *, T5 *, const T6 *, const T6 *, const T7 *, const T4 *, T7 *, void *, long, T6 *, int *)"
0.0,136761,66,2072.1,2048.0,2015,2464,88.3,   1    8    1, 256    1    1,"void k_get_rows_float<float, float>(const T1 *, const int *, T2 *, long, long, uint3, unsigned long, unsigned long, unsigned long, unsigned long, unsigned long, unsigned long, unsigned long, unsigned long, unsigned long)"
0.0,127390,30,4246.3,4224.0,4096,4672,118.6,  32    4    1, 256    1    1,"void rms_norm_f32<(int)256, (bool)1, (bool)0>(const float *, float *, int, long, long, long, float, const float *, long, long, long, uint3, uint3, uint3, uint3, const float *, long, long, long, uint3, uint3, uint3, uint3)"
0.0,123932,10,12393.2,11696.0,11391,14303,1205.4,  20    4    8, 256    1    1,"void flash_attn_stream_k_fixup_general<(int)256, (int)4, (int)8>(float *, const float2 *, int, int, int, int, uint3, uint3, uint3, uint3)"
0.0,120924,40,3023.1,2816.0,2752,3679,317.3,  23    8    1, 128    1    1,"void quantize_mmq_q8_1<(mmq_q8_1_ds_layout)0, (bool)0>(const float *, const int *, void *, long, long, long, long, long, int, int, int)"
0.0,118594,40,2964.9,3008.0,2784,3168,104.9,   4    8    1, 256    1    1,"moe_weighted_reduction_f32(const float *, const float *, const float *, float *, long, int)"
0.0,116414,40,2910.4,2768.0,2400,4064,537.8,  23    4    1, 128    1    1,"void quantize_mmq_q8_1<(mmq_q8_1_ds_layout)1, (bool)0>(const float *, const int *, void *, long, long, long, long, long, int, int, int)"
0.0,113339,40,2833.5,2656.0,2592,3360,280.9,   8   23    1, 128    1    1,"void k_bin_bcast<&op_mul, float, float, float, const float *>(const T2 *, const T3 *, T4 *, unsigned int, unsigned int, unsigned int, uint3, uint3, uint3, uint3, uint3, unsigned int, unsigned int, unsigned int, unsigned int, unsigned int, unsigned int, unsigned int, unsigned int, unsigned int, unsigned int, unsigned int, T5...)"
0.0,109434,40,2735.9,2720.0,2592,3040,93.4,  32    1    1, 128    1    1,"void k_bin_bcast<&op_add, float, float, float, const float *>(const T2 *, const T3 *, T4 *, unsigned int, unsigned int, unsigned int, uint3, uint3, uint3, uint3, uint3, unsigned int, unsigned int, unsigned int, unsigned int, unsigned int, unsigned int, unsigned int, unsigned int, unsigned int, unsigned int, unsigned int, T5...)"
0.0,108223,60,1803.7,1792.0,1728,2112,72.6,  32    1    1, 256    1    1,"scale_f32(const float *, float *, float, float, long)"
0.0,107356,39,2752.7,2592.0,2527,3424,270.8,  23    1    1, 256    1    1,"void soft_max_f32<(bool)1, (int)256, (int)256, float>(const float *, const T4 *, const float *, float *, soft_max_params)"
0.0,105469,10,10546.9,9872.0,9728,12223,1138.2,1472    1    1,  64    1    1,"void cpy_scalar<&cpy_1_scalar<float, float>>(const char *, char *, long, long, long, long, long, long, long, long, long, long, long, long, long, long, long)"
0.0,104510,40,2612.8,2720.0,2176,3136,302.3,   2    8    4, 256    1    1,"quantize_q8_1(const float *, void *, long, long, long, long, long, unsigned int, uint3)"
0.0,100637,40,2515.9,2496.0,2399,3104,115.2,  32    1    1, 256    1    1,"void k_get_rows_float<int, int>(const T1 *, const int *, T2 *, long, long, uint3, unsigned long, unsigned long, unsigned long, unsigned long, unsigned long, unsigned long, unsigned long, unsigned long, unsigned long)"
0.0,97055,40,2426.4,2464.0,2144,2784,155.8,  16    4    1, 256    1    1,"quantize_q8_1(const float *, void *, long, long, long, long, long, unsigned int, uint3)"
0.0,93054,40,2326.4,2319.5,2271,2592,56.2,  32    1    1, 128    1    1,"void k_bin_bcast<&op_add, float, float, float, const float *, const float *>(const T2 *, const T3 *, T4 *, unsigned int, unsigned int, unsigned int, uint3, uint3, uint3, uint3, uint3, unsigned int, unsigned int, unsigned int, unsigned int, unsigned int, unsigned int, unsigned int, unsigned int, unsigned int, unsigned int, unsigned int, T5...)"
0.0,91871,10,9187.1,8640.0,8544,10592,926.9,  16   23    1, 256    1    1,"void rms_norm_f32<(int)256, (bool)1, (bool)0>(const float *, float *, int, long, long, long, float, const float *, long, long, long, uint3, uint3, uint3, uint3, const float *, long, long, long, uint3, uint3, uint3, uint3)"
0.0,85852,30,2861.7,2848.0,2783,3136,82.3,  64    1    1, 256    1    1,"void unary_gated_op_kernel<&op_silu, float>(const T2 *, const T2 *, T2 *, long, long, long, long)"
0.0,85692,40,2142.3,2016.0,1920,2880,224.7,  46    1    1, 256    1    1,"void unary_gated_op_kernel<&op_silu, float>(const T2 *, const T2 *, T2 *, long, long, long, long)"
0.0,84284,39,2161.1,2048.0,1984,2496,201.1,  23    1    1, 512    1    1,"void reduce_rows_f32<(bool)0>(const float *, float *, int)"
0.0,82397,10,8239.7,8240.0,8128,8384,75.7, 256    1    1,  32    4    1,"void mul_mat_vec_q<(ggml_type)12, (int)4, (bool)0, (bool)0, (bool)0>(const void *, const void *, const int *, ggml_cuda_mm_fusion_args_device, float *, unsigned int, uint3, unsigned int, unsigned int, unsigned int, uint3, unsigned int, unsigned int, unsigned int, uint3, unsigned int, unsigned int, unsigned int, unsigned int)"
0.0,82175,40,2054.4,1952.0,1888,2368,186.4,  23    1    1, 128    1    1,"void quantize_mmq_q8_1<(mmq_q8_1_ds_layout)0, (bool)0>(const float *, const int *, void *, long, long, long, long, long, int, int, int)"
0.0,78816,40,1970.4,1952.0,1919,2272,66.0,   8    1    4, 256    1    1,"quantize_q8_1(const float *, void *, long, long, long, long, long, unsigned int, uint3)"
0.0,75873,40,1896.8,1888.0,1856,1952,21.8,   8    4    1, 128    1    1,"void k_bin_bcast<&op_mul, float, float, float, const float *>(const T2 *, const T3 *, T4 *, unsigned int, unsigned int, unsigned int, uint3, uint3, uint3, uint3, uint3, unsigned int, unsigned int, unsigned int, unsigned int, unsigned int, unsigned int, unsigned int, unsigned int, unsigned int, unsigned int, unsigned int, T5...)"
0.0,72414,39,1856.8,1760.0,1696,2240,177.8,   1    1    1,   4   23    1,"void k_bin_bcast<&op_div, float, float, float, const float *>(const T2 *, const T3 *, T4 *, unsigned int, unsigned int, unsigned int, uint3, uint3, uint3, uint3, uint3, unsigned int, unsigned int, unsigned int, unsigned int, unsigned int, unsigned int, unsigned int, unsigned int, unsigned int, unsigned int, unsigned int, T5...)"
0.0,71615,40,1790.4,1792.0,1759,1888,32.4,   2    4    1, 256    1    1,"quantize_q8_1(const float *, void *, long, long, long, long, long, unsigned int, uint3)"
0.0,69117,40,1727.9,1696.0,1663,2048,97.8,   8    1    1, 256    1    1,"void unary_gated_op_kernel<&op_silu, float>(const T2 *, const T2 *, T2 *, long, long, long, long)"
0.0,67103,20,3355.2,3328.0,3264,3680,97.1,  16    2    1, 256    1    1,"void rms_norm_f32<(int)256, (bool)1, (bool)0>(const float *, float *, int, long, long, long, float, const float *, long, long, long, uint3, uint3, uint3, uint3, const float *, long, long, long, uint3, uint3, uint3, uint3)"
0.0,65886,20,3294.3,3296.0,3231,3424,49.3, 128    1    1,  64    1    1,"void cpy_scalar<&cpy_1_scalar<float, float>>(const char *, char *, long, long, long, long, long, long, long, long, long, long, long, long, long, long, long)"
0.0,65311,39,1674.6,1631.0,1504,1984,162.3,   1    1    1, 256    1    1,"void op_clamp_kernel<float>(const T1 *, T1 *, T1, T1, int)"
0.0,64446,30,2148.2,2016.0,1952,2720,200.2,   1    3    1,  16    8    1,"void k_bin_bcast<&op_add, float, float, float, const float *>(const T2 *, const T3 *, T4 *, unsigned int, unsigned int, unsigned int, uint3, uint3, uint3, uint3, uint3, unsigned int, unsigned int, unsigned int, unsigned int, unsigned int, unsigned int, unsigned int, unsigned int, unsigned int, unsigned int, unsigned int, T5...)"
0.0,63869,30,2129.0,2048.0,1983,2400,173.0,   1    3    1,  16    8    1,"void k_bin_bcast<&op_mul, float, float, float, const float *>(const T2 *, const T3 *, T4 *, unsigned int, unsigned int, unsigned int, uint3, uint3, uint3, uint3, uint3, unsigned int, unsigned int, unsigned int, unsigned int, unsigned int, unsigned int, unsigned int, unsigned int, unsigned int, unsigned int, unsigned int, T5...)"
0.0,62682,30,2089.4,2080.0,2016,2400,65.8,   1    1    1,  16    4    1,"void k_bin_bcast<&op_add, float, float, float, const float *>(const T2 *, const T3 *, T4 *, unsigned int, unsigned int, unsigned int, uint3, uint3, uint3, uint3, uint3, unsigned int, unsigned int, unsigned int, unsigned int, unsigned int, unsigned int, unsigned int, unsigned int, unsigned int, unsigned int, unsigned int, T5...)"
0.0,62393,30,2079.8,2079.5,2047,2208,36.7,   1    1    1,  16    4    1,"void k_bin_bcast<&op_mul, float, float, float, const float *>(const T2 *, const T3 *, T4 *, unsigned int, unsigned int, unsigned int, uint3, uint3, uint3, uint3, uint3, unsigned int, unsigned int, unsigned int, unsigned int, unsigned int, unsigned int, unsigned int, unsigned int, unsigned int, unsigned int, unsigned int, T5...)"
0.0,57663,10,5766.3,5488.0,5344,6560,521.3, 368    1    1, 256    1    1,"void unary_gated_op_kernel<&op_sigmoid, float>(const T2 *, const T2 *, T2 *, long, long, long, long)"
0.0,56928,12,4744.0,4672.0,3743,5568,566.5,  20    4    1,  32    4    1,"void mul_mat_q_stream_k_fixup<(ggml_type)21, (int)24, (bool)0>(const int *, const int *, float *, float *, uint3, int, int, int, uint3, int, uint3, int, uint3)"
0.0,55198,10,5519.8,5184.0,5120,6367,571.6, 368    1    1,   1  256    1,"void rope_multi<(bool)1, (bool)0, float>(const T3 *, T3 *, int, int, int, int, int, int, int, int, int, int, int, const int *, float, float, float, rope_corr_dims, float, const float *, mrope_sections, bool, bool)"
0.0,54013,20,2700.7,2688.0,2656,2784,30.0,  32    1    1,   1  256    1,"void rope_multi<(bool)1, (bool)0, float>(const T3 *, T3 *, int, int, int, int, int, int, int, int, int, int, int, const int *, float, float, float, rope_corr_dims, float, const float *, mrope_sections, bool, bool)"
0.0,53726,20,2686.3,2688.0,2655,2752,28.4,   2    2    1, 256    1    1,"void rms_norm_f32<(int)256, (bool)1, (bool)0>(const float *, float *, int, long, long, long, float, const float *, long, long, long, uint3, uint3, uint3, uint3, const float *, long, long, long, uint3, uint3, uint3, uint3)"
0.0,52833,20,2641.7,2608.0,2591,3232,140.6,   2    2    8, 256    1    1,"void flash_attn_stream_k_fixup_uniform<(int)256, (int)2, (int)8>(float *, const float2 *, int, int, int, int, int, int, uint3, uint3, uint3)"
0.0,50078,30,1669.3,1568.5,1535,1983,157.2,   3    1    1, 256    1    1,"void unary_op_kernel<&op_softplus, float>(const T2 *, T2 *, int)"
0.0,49884,30,1662.8,1600.0,1535,1889,142.3,   3    1    1, 256    1    1,"void unary_op_kernel<&op_sigmoid, float>(const T2 *, T2 *, int)"
0.0,47039,20,2352.0,2351.5,2272,2432,53.4,   4    1    1,   1  256    1,"void rope_multi<(bool)1, (bool)0, float>(const T3 *, T3 *, int, int, int, int, int, int, int, int, int, int, int, const int *, float, float, float, rope_corr_dims, float, const float *, mrope_sections, bool, bool)"
0.0,44640,20,2232.0,2224.0,2176,2336,40.0,   8    1    1,  32    4    1,"void fwht_cuda<(int)256>(const float *, float *, long, float)"
0.0,44511,20,2225.6,2224.0,2207,2272,19.4,  32    1    1, 256    1    1,"void unary_gated_op_kernel<&op_sigmoid, float>(const T2 *, const T2 *, T2 *, long, long, long, long)"
0.0,42942,20,2147.1,2095.5,2048,2464,110.2,  32    1    1,  32    4    1,"void fwht_cuda<(int)64>(const float *, float *, long, float)"
0.0,40767,10,4076.7,3872.0,3712,4735,420.4, 368    1    1,  32    4    1,"void fwht_cuda<(int)64>(const float *, float *, long, float)"
0.0,40320,10,4032.0,4064.0,3872,4096,64.0,   2    4    8, 256    1    1,"void flash_attn_stream_k_fixup_uniform<(int)256, (int)4, (int)8>(float *, const float2 *, int, int, int, int, int, int, uint3, uint3, uint3)"
0.0,39517,20,1975.9,1984.0,1951,2016,22.9,   4    1    1,  32    4    1,"void fwht_cuda<(int)64>(const float *, float *, long, float)"
0.0,35103,10,3510.3,3375.5,3136,4224,373.7,  92    1    1,  32    4    1,"void fwht_cuda<(int)256>(const float *, float *, long, float)"
0.0,33310,10,3331.0,3328.0,3295,3360,28.0, 256    1    1,  64    1    1,"void cpy_scalar<&cpy_1_scalar<float, float>>(const char *, char *, long, long, long, long, long, long, long, long, long, long, long, long, long, long, long)"
0.0,32480,10,3248.0,3232.0,3168,3392,60.8,  16    4    1, 256    1    1,"void rms_norm_f32<(int)256, (bool)1, (bool)0>(const float *, float *, int, long, long, long, float, const float *, long, long, long, uint3, uint3, uint3, uint3, const float *, long, long, long, uint3, uint3, uint3, uint3)"
0.0,31519,10,3151.9,2096.5,2079,11776,3036.0,  46    1    1,   1  256    1,"void rope_multi<(bool)1, (bool)0, float>(const T3 *, T3 *, int, int, int, int, int, int, int, int, int, int, int, const int *, float, float, float, rope_corr_dims, float, const float *, mrope_sections, bool, bool)"
0.0,26369,10,2636.9,2496.0,2432,3008,256.7,   2   23    1, 256    1    1,"void rms_norm_f32<(int)256, (bool)1, (bool)0>(const float *, float *, int, long, long, long, float, const float *, long, long, long, uint3, uint3, uint3, uint3, const float *, long, long, long, uint3, uint3, uint3, uint3)"
0.0,23840,10,2384.0,2368.0,2336,2560,66.2,  64    1    1,   1  256    1,"void rope_multi<(bool)1, (bool)0, float>(const T3 *, T3 *, int, int, int, int, int, int, int, int, int, int, int, const int *, float, float, float, rope_corr_dims, float, const float *, mrope_sections, bool, bool)"
0.0,22528,10,2252.8,2240.0,2208,2400,58.8,  64    1    1,  32    4    1,"void fwht_cuda<(int)64>(const float *, float *, long, float)"
0.0,22464,10,2246.4,2240.0,2208,2304,39.3,   2    4    1, 256    1    1,"void rms_norm_f32<(int)256, (bool)1, (bool)0>(const float *, float *, int, long, long, long, float, const float *, long, long, long, uint3, uint3, uint3, uint3, const float *, long, long, long, uint3, uint3, uint3, uint3)"
0.0,20768,10,2076.8,2048.0,2016,2336,94.8,  64    1    1, 256    1    1,"void unary_gated_op_kernel<&op_sigmoid, float>(const T2 *, const T2 *, T2 *, long, long, long, long)"
0.0,19902,10,1990.2,1888.0,1824,2272,195.5,  12    1    1,  32    4    1,"void fwht_cuda<(int)256>(const float *, float *, long, float)"
0.0,19520,10,1952.0,1952.0,1888,2016,50.0,   8    1    1,   1  256    1,"void rope_multi<(bool)1, (bool)0, float>(const T3 *, T3 *, int, int, int, int, int, int, int, int, int, int, int, const int *, float, float, float, rope_corr_dims, float, const float *, mrope_sections, bool, bool)"
0.0,19360,10,1936.0,1920.0,1920,1984,22.6,  16    1    1,  32    4    1,"void fwht_cuda<(int)256>(const float *, float *, long, float)"
0.0,18976,10,1897.6,1824.0,1824,2144,125.4,   2    1    1,  32    4    1,"void fwht_cuda<(int)256>(const float *, float *, long, float)"
0.0,18974,10,1897.4,1792.0,1759,2176,186.1,  46    1    1,  32    4    1,"void fwht_cuda<(int)64>(const float *, float *, long, float)"
0.0,17119,10,1711.9,1663.0,1600,1888,116.1,   8    1    1,  32    4    1,"void fwht_cuda<(int)64>(const float *, float *, long, float)"
0.0,4864,1,4864.0,4864.0,4864,4864,0.0,   3    1    1,  32    8    1,"void topk_moe_cuda<(int)256, (bool)0>(const float *, float *, int *, float *, int, int, float, float, topk_moe_config)"
